{
    "ms": [4.463782,4.434918,4.443742,4.440669,4.459676],
    "ms_mean": 4.448557,
    "ms_std": 0.01251859,
    "cuda": false,
    "steps": 10000,
    "trials": 5
}