{
    "ms": [3.062431,3.081539,3.073427,3.116373,3.135874],
    "ms_mean": 3.093929,
    "ms_std": 0.03093981,
    "cuda": false,
    "steps": 10000,
    "trials": 5
}