{
    "ms": [5.413365,5.544255,5.590556,5.486309,5.634836],
    "ms_mean": 5.533864,
    "ms_std": 0.08703277,
    "cuda": false,
    "steps": 10000,
    "trials": 5
}