{
    "ms": [3.061687,3.09932,3.084921,3.063644,3.051201],
    "ms_mean": 3.072155,
    "ms_std": 0.0195061,
    "cuda": false,
    "steps": 10000,
    "trials": 5
}