{
    "ms": [3.190738,3.089411,3.018156,3.157558,3.034345],
    "ms_mean": 3.098041,
    "ms_std": 0.07524672,
    "cuda": false,
    "steps": 10000,
    "trials": 5
}