{
    "ms": [5.544149,5.329377,5.176974,5.387352,5.327616],
    "ms_mean": 5.353094,
    "ms_std": 0.1321985,
    "cuda": false,
    "steps": 10000,
    "trials": 5
}