{
    "ms": [3.155714,3.147647,3.249324,3.155032,3.197829],
    "ms_mean": 3.181109,
    "ms_std": 0.04294593,
    "cuda": false,
    "steps": 10000,
    "trials": 5
}