{
    "ms": [3.722692,3.724098,3.708841,3.675749,3.739982],
    "ms_mean": 3.714273,
    "ms_std": 0.02419694,
    "cuda": false,
    "steps": 10000,
    "trials": 5
}