{
    "ms": [5.518223,5.388132,5.370507,5.527161,5.432852],
    "ms_mean": 5.447375,
    "ms_std": 0.07248208,
    "cuda": false,
    "steps": 10000,
    "trials": 5
}