{
    "ms": [2.829741,2.867599,2.778742,2.941082,2.859236],
    "ms_mean": 2.85528,
    "ms_std": 0.05924478,
    "cuda": false,
    "steps": 10000,
    "trials": 5
}