{
    "ms": [3.134197,3.037409,3.060491,3.063417,3.089059],
    "ms_mean": 3.076914,
    "ms_std": 0.03688257,
    "cuda": false,
    "steps": 10000,
    "trials": 5
}