{
    "ms": [2.744874,2.807537,2.805856,2.821043,2.816247],
    "ms_mean": 2.799111,
    "ms_std": 0.03095483,
    "cuda": false,
    "steps": 10000,
    "trials": 5
}