{
    "ms": [2.889984,2.827405,2.823819,2.863028,2.837118],
    "ms_mean": 2.848271,
    "ms_std": 0.02790803,
    "cuda": false,
    "steps": 10000,
    "trials": 5
}