{
    "ms": [4.967146,4.760412,4.938156,4.862085,4.881103],
    "ms_mean": 4.88178,
    "ms_std": 0.07997516,
    "cuda": false,
    "steps": 10000,
    "trials": 5
}