{
    "ms": [2.821489,2.79006,2.847945,2.820247,2.799685],
    "ms_mean": 2.815885,
    "ms_std": 0.0224035,
    "cuda": false,
    "steps": 10000,
    "trials": 5
}