{
    "ms": [6.444118,7.38335,8.063928,9.234959,9.341589],
    "ms_mean": 8.093589,
    "ms_std": 1.233522,
    "cuda": false,
    "steps": 10000,
    "trials": 5
}