{
    "ms": [5.46785,5.453943,5.532924,5.521472,5.396013],
    "ms_mean": 5.47444,
    "ms_std": 0.05533263,
    "cuda": false,
    "steps": 10000,
    "trials": 5
}