{
    "ms": [5.601941,5.579643,5.774958,5.80532,5.744686],
    "ms_mean": 5.70131,
    "ms_std": 0.1034415,
    "cuda": false,
    "steps": 10000,
    "trials": 5
}