{
    "ms": [5.307108,5.415569,5.493017,5.435599,5.323774],
    "ms_mean": 5.395013,
    "ms_std": 0.07822528,
    "cuda": false,
    "steps": 10000,
    "trials": 5
}