{
    "ms": [1.213288,1.137417,1.167793,1.131674,1.160385],
    "ms_mean": 1.162112,
    "ms_std": 0.03236734,
    "cuda": false,
    "steps": 10000,
    "trials": 5
}