{
    "ms": [7.957557,7.881381,7.953096,8.060068,7.822166],
    "ms_mean": 7.934854,
    "ms_std": 0.08956088,
    "cuda": false,
    "steps": 10000,
    "trials": 5
}