{
    "ms": [2.016195,2.065786,1.999266,2.029536,2.047663],
    "ms_mean": 2.031689,
    "ms_std": 0.0260467,
    "cuda": false,
    "steps": 10000,
    "trials": 5
}