{
    "ms": [5.245402,5.456647,5.476331,5.459881,5.158999],
    "ms_mean": 5.359452,
    "ms_std": 0.1469543,
    "cuda": false,
    "steps": 10000,
    "trials": 5
}