{
    "ms": [2.802735,2.886744,2.804257,2.837213,2.853586],
    "ms_mean": 2.836907,
    "ms_std": 0.0353402,
    "cuda": false,
    "steps": 10000,
    "trials": 5
}