{
    "ms": [3.165507,3.120005,3.11457,3.072831,3.218078],
    "ms_mean": 3.138198,
    "ms_std": 0.0554275,
    "cuda": false,
    "steps": 10000,
    "trials": 5
}