{
    "ms": [7.365181,7.304143,6.768555,6.336341,6.075638],
    "ms_mean": 6.769972,
    "ms_std": 0.5722215,
    "cuda": false,
    "steps": 10000,
    "trials": 5
}