{
    "ms": [1.860315,1.877542,1.769893,1.830018,1.803015],
    "ms_mean": 1.828157,
    "ms_std": 0.04331095,
    "cuda": false,
    "steps": 10000,
    "trials": 5
}