{
    "ms": [1.272505,1.25984,1.275708,1.274158,1.300296],
    "ms_mean": 1.276502,
    "ms_std": 0.01471294,
    "cuda": true,
    "steps": 10000,
    "trials": 5
}