{
    "ms": [1.255871,1.293332,1.346874,1.279664,1.275554],
    "ms_mean": 1.290259,
    "ms_std": 0.03437199,
    "cuda": true,
    "steps": 10000,
    "trials": 5
}