{
    "ms": [1.444732,1.439549,1.473738,1.464995,1.497647],
    "ms_mean": 1.464132,
    "ms_std": 0.02343585,
    "cuda": true,
    "steps": 10000,
    "trials": 5
}