{
    "ms": [1.693429,1.715199,1.757914,1.720865,1.774887],
    "ms_mean": 1.732459,
    "ms_std": 0.03318035,
    "cuda": true,
    "steps": 10000,
    "trials": 5
}