{
    "ms": [0.9074444,0.9296563,0.9018901,0.9008493,0.9123339],
    "ms_mean": 0.9104348,
    "ms_std": 0.01169304,
    "cuda": true,
    "steps": 10000,
    "trials": 5
}