{
    "ms": [1.210594,1.1718,1.148047,1.12389,1.170053],
    "ms_mean": 1.164877,
    "ms_std": 0.03212449,
    "cuda": true,
    "steps": 10000,
    "trials": 5
}