{
    "ms": [1.49608,1.48991,1.525138,1.500959,1.523437],
    "ms_mean": 1.507105,
    "ms_std": 0.01617805,
    "cuda": true,
    "steps": 10000,
    "trials": 5
}