{
    "ms": [2.095137,2.093267,2.119192,2.049937,2.10804],
    "ms_mean": 2.093115,
    "ms_std": 0.02632126,
    "cuda": true,
    "steps": 10000,
    "trials": 5
}