{
    "ms": [1.712239,1.688755,1.779577,1.742746,1.72661],
    "ms_mean": 1.729986,
    "ms_std": 0.03408955,
    "cuda": true,
    "steps": 10000,
    "trials": 5
}