{
    "ms": [1.713355,1.673944,1.723568,1.7082,1.671326],
    "ms_mean": 1.698078,
    "ms_std": 0.02389386,
    "cuda": true,
    "steps": 10000,
    "trials": 5
}