{
    "ms": [1.225182,1.231876,1.246547,1.213177,1.297446],
    "ms_mean": 1.242846,
    "ms_std": 0.03281585,
    "cuda": true,
    "steps": 10000,
    "trials": 5
}