{
    "ms": [1.34669,1.319402,1.304417,1.316407,1.363287],
    "ms_mean": 1.330041,
    "ms_std": 0.02417719,
    "cuda": true,
    "steps": 10000,
    "trials": 5
}