{
    "ms": [1.477951,1.462376,1.464887,1.47878,1.45012],
    "ms_mean": 1.466823,
    "ms_std": 0.01193041,
    "cuda": true,
    "steps": 10000,
    "trials": 5
}