{
    "ms": [1.672504,1.680376,1.65833,1.675307,1.665365],
    "ms_mean": 1.670376,
    "ms_std": 0.008646676,
    "cuda": true,
    "steps": 10000,
    "trials": 5
}