{
    "ms": [1.314797,1.252216,1.237248,1.253416,1.264277],
    "ms_mean": 1.264391,
    "ms_std": 0.02977498,
    "cuda": true,
    "steps": 10000,
    "trials": 5
}