{
    "ms": [1.512977,1.566308,1.545226,1.461895,1.44186],
    "ms_mean": 1.505653,
    "ms_std": 0.05311082,
    "cuda": true,
    "steps": 10000,
    "trials": 5
}