{
    "ms": [1.480174,1.466698,1.482719,1.496964,1.482511],
    "ms_mean": 1.481813,
    "ms_std": 0.01074736,
    "cuda": true,
    "steps": 10000,
    "trials": 5
}