{
    "ms": [1.28728,1.246668,1.262123,1.257704,1.25152],
    "ms_mean": 1.261059,
    "ms_std": 0.01579566,
    "cuda": true,
    "steps": 10000,
    "trials": 5
}