{
    "ms": [0.9197837,0.9228984,0.9235488,0.9061206,0.9553672],
    "ms_mean": 0.9255437,
    "ms_std": 0.01810286,
    "cuda": true,
    "steps": 10000,
    "trials": 5
}