{
    "ms": [1.303061,1.340789,1.298424,1.338325,1.32304],
    "ms_mean": 1.320728,
    "ms_std": 0.0195385,
    "cuda": true,
    "steps": 10000,
    "trials": 5
}