{
    "ms": [1.660605,1.659508,1.702968,1.707369,1.723717],
    "ms_mean": 1.690834,
    "ms_std": 0.02914218,
    "cuda": true,
    "steps": 10000,
    "trials": 5
}