{
    "ms": [1.789546,1.660451,1.664671,1.674521,1.668456],
    "ms_mean": 1.691529,
    "ms_std": 0.05503651,
    "cuda": true,
    "steps": 10000,
    "trials": 5
}