{
    "ms": [1.323962,1.413551,1.327394,1.357349,1.357511],
    "ms_mean": 1.355953,
    "ms_std": 0.03592001,
    "cuda": true,
    "steps": 10000,
    "trials": 5
}