{
    "ms": [1.583518,1.494537,1.49237,1.523742,1.525542],
    "ms_mean": 1.523942,
    "ms_std": 0.0367876,
    "cuda": true,
    "steps": 10000,
    "trials": 5
}