{
    "ms": [1.651977,1.656537,1.710441,1.701643,1.673811],
    "ms_mean": 1.678882,
    "ms_std": 0.02628181,
    "cuda": true,
    "steps": 10000,
    "trials": 5
}